Year,Movie,Bond,Production_Coy,Director,Composer,Writer,Cinematographer,Depicted_Film_Loc,Shooting_Loc,Bond_Car_MFG,Bond_Girl_Nat, US_Gross , US_Adj , World_Gross , World_Adj , Budget , Budget_Adj ,Film_Length,Avg_User_IMDB,Avg_User_Rtn_Tom,Conquests,Martinis,BJB,Kills_Bond,Kills_Others,Top_100,Video_Game
1962,Dr. No,Sean Connery,Eon Films,Terence Young,Monty Norman,"Richard Maibaum, Johanna Harwood & Berkely Mather",Ted Moore,"Great Britain, Jamaic","England, Jamaica",Sunbeam,"Swiss, English, English",16067035,123517,59567035,457928000,1100000,7688000,110,7.3,7.7,3,2,1,4,8,0,0
1963,From Russia with Love,Sean Connery,Eon Films,Terence Young,John Barry,Richard Maibaum & Johanna Harwood,Ted Moore,"United Kingdom, Great Britain, Turkey, Croatia, Serbia, Italy","England, Scotland, Italy, Switzerland, Turkey",Bently,"English, Italian, English, Israeli",24800000,188161,78900000,598624000,2000000,15174000,115,7.5,8,4,0,0,11,16,0,1
1964,Goldfinger,Sean Connery,Eon Films,Guy Hamilton,John Barry,Richard Maibaum & Paul Dehn,Ted Moore,"United States, Great Britain, Switzerland","England, Switzerland, United States",Aston Martin,"Serbian, English",51100000,382699,124900000,935404000,3000000,22468000,110,7.8,8.4,2,1,2,9,68,1,1
1965,Thunderball,Sean Connery,Eon Films,Terence Young,John Barry,Richard Maibaum & John Hopkins,Ted Moore,"France, Great Britain, Bahamas, United States","England, France, Bahamas, United States",Aston Martin,"French, Italian, Bahamian",63600000,468754,141200000,1040693000,6800000,66333000,130,7,6.8,3,0,0,20,90,1,0
1967,You Only Live Twice,Sean Connery,Eon Films,Lewis Gilbert,John Barry,Roald Dahl,Freddie Young,"United States, Russia, Kazakhstan, Norway, Japan","Japan, Spain, Norway",Toyota,"Japanese, Chinese, German",43100000,299591,111600000,775740000,10300000,66035000,117,6.9,6.3,3,1,0,21,175,1,0
1967,Casino Royale(1967),David Niven,Non-Eon Films,"Hughes,Huston,McGrath,Parrish,Guest,Talmadge",Burt Bacharach,Woody Allen,"Wolf Mankowitz,John Law,Michael Sayers","England,France, Scotland.","England,France, Scotland.",Bentley,Swiss,0,0,44400000,260000000,12000000,70000000,131,5.2,2.6,5,5,5,5,5,0,0
1969,On Her Majesty's Secret Service,George Lazenby,Eon Films,Peter R. Hunt,John Barry,Richard Maibaum,Michael Reed,"Portugal, Great Britain, Switzerland","England, Switzerland, Portugal",Mercury,"English, English, Hungarian",22800000,144234,82000000,518736000,7000000,50608000,142,6.8,6.7,3,1,2,5,37,0,0
1971,Diamonds Are Forever,Sean Connery,Eon Films,Guy Hamilton,John Barry,Richard Maibaum & Tom Mankiewicz,Ted Moore,"Japan, Egypt, France, South Africa, Great Britain, Netherlands, United States, Mexico","England, France, Germany, Netherlands, United States",Ford,American,43800000,251083,116000000,664969000,7200000,41274000,120,6.7,6.3,1,0,1,7,42,1,0
1973,Live and Let Die,Roger Moore,Eon Films,Guy Hamilton,George Martin,Tom Mankiewicz,Ted Moore,"United States, Great Britain, Jamaica","England, United States, Jamaica",AMC,"English, American, English",35400000,185105,126400000,846046000,7000000,36603000,121,6.8,5.9,3,0,1,8,5,1,1
1974,The Man with the Golden Gun,Roger Moore,Eon Films,Guy Hamilton,John Barry,Richard Maibaum & Tom Mankiewicz,Ted Moore,"Great Britain, Lebanon, Portugal, Thailand","England, Thailand, Hong Kong, Portugal",AMC,"Sweedish, French",21000000,98894,97600000,459623000,7000000,32965000,125,6.7,5.1,2,0,2,1,5,0,0
1977,The Spy Who Loved Me,Roger Moore,Eon Films,Lewis Gilbert,Marvin Hamlisch,Christopher Wood & Richard Maibaum,Claude Renoir,"Austria, Russia, Great Britain, Egypt, Italy","England, Switzerland, Canada, Scotland, Egypt, Italy, Malta, Bahamas, Japan",Lotus,"American, English, Bosnian",46800000,179297,185400000,710290000,14000000,536360000,125,7.1,6.8,3,1,1,31,116,1,1
1979,Moonraker,Roger Moore,Eon Films,Lewis Gilbert,John Barry,Christopher Wood,Jean Tournier,"Great Britain, United States, Italy, Brazil, Russia","England, France, Italy, United States, Brazil, Guatemala",Lotus,"American, French, Moroccan",70300000,224811,210300000,672514000,34000000,99134000,126,6.2,5.7,3,1,1,12,69,0,0
1981,For Your Eyes Only,Roger Moore,Eon Films,John Glen,Bill Conti,Michael G. Wilson & Richard Maibaum,Alan Hume,"Great Britain, Russia, Spain, Italy, Greece, Albania","England, Italy, Malta, Greece",Citroën,"French, Australian",54800000,139964,194900000,498812000,28000000,71514000,127,6.8,6.3,2,0,2,18,36,1,0
1983,Octopussy,Roger Moore,Eon Films,John Glen,John Barry,"George MacDonald Fraser, Michael G. Wilson & Richard Maibaum",Alan Hume,"Great Britain, India, Russia, Germany","England, West Berlin, India",Bajaj,"Sweedish, English",67900000,158274,187500000,437059000,27500000,64102000,131,6.5,5.3,2,0,1,15,43,1,0
1983,Never Say Never Again,Sean Connery,Non-Eon Films,Irvin Kershner,Michel Legrand,Lorenzo Semple Jr.,Douglas Slocombe,"Bahamas, North Africa, and France","Bahamas, England, and France(Nice)",Aston Martin,American,0,0,160000000,314000000,36000000,71000000,134,6.2,7,1,1,2,8,15,0,0
1985,A View to a Kill,Roger Moore,Eon Films,John Glen,John Barry,Michael G. Wilson & Richard Maibaum,Alan Hume,"Russia, Great Britain, France, United States","England, Switzerland, Iceland, France, United States",Rolls Royce,"American, Jamaican, Sweedish, Nigerian",50327960,108592,152627960,329322000,30000000,64730000,131,6.2,4.7,4,0,2,5,57,1,0
1987,The Living Daylights,Timothy Dalton,Eon Films,John Glen,John Barry,Michael G. Wilson & Richard Maibaum,Alec Mills,"Gibraltar, Great Britain, Slovakia, Austria, Morocco, Afghanistan, Pakistan","England, Germany, Austria, Italy, Morocco",Rolls Royce,"Dutch, American",51185000,104608,191200000,390758000,40000000,81749000,130,6.7,6.3,2,2,1,13,29,0,0
1989,License to Kill,Timothy Dalton,Eon Films,John Glen,Michael Kamen,Michael G. Wilson & Richard Maibaum,Alec Mills,"United States, Bahamas, Great Britain","Mexico, United States",Aston Martin,"American, American",34667015,64907,156167015,292392000,36000000,78637000,133,6.5,6,2,1,1,10,13,0,1
1995,GoldenEye,Pierce Brosnan,Eon Films,Martin Campbell,Éric Serra,"Michael France, Jeffrey Caine, Kevin Wade & Bruce Feirstein",Phil Méheux,"Russia, Monaco, France, England, United States, Cuba","England, France, Monaco, Switzerland, Russia, Puerto Rico",BMW,"Polish, Dutch",106429941,162135,356429941,542985000,60000000,91404000,130,7.2,6.9,2,1,1,47,25,0,1
1997,Tomorrow Never Dies,Pierce Brosnan,Eon Films,Roger Spottiswoode,David Arnold,Bruce Feirstein,Robert Elswit,"Russia, England, Germany, Vietnam","England, France, Germany, Thailand",Aston Martin,"Malaysian, American, Danish",125304276,181254,339504276,491098000,110000000,159117000,119,6.4,6,3,1,1,30,24,0,1
1999,The World Is Not Enough,Pierce Brosnan,Eon Films,Michael Apted,David Arnold,"Neal Purvis, Robert Wade & Bruce Feirstein",Adrian Biddle,"Spain, England, Scotland, Kazakhstan, Azerbaijan, Turkey, North Korea, South Korea","England, Scotland, France, Spain, Turkey, Azerbaijan",BMW,"American, French, English",126930660,176885,361730660,504091000,135000000,188130000,128,6.3,5.7,3,1,2,27,43,0,1
2002,Die Another Day,Pierce Brosnan,Eon Films,Lee Tamahori,David Arnold,Neal Purvis and Robert Wade,David Tattersall,"South Korea, Hong Kong, Cube, England, Iceland","England, Spain, Iceland, Norway, United States",Aston Martin,"American, Filipino",160942139,207700,431942139,557433000,142000000,183255000,133,6,6.1,2,2,1,31,20,1,0
2006,Casino Royale,Daniel Craig,Eon Films,Martin Campbell,David Arnold,"Neal Purvis, Robert Wade & Paul Haggis",Phil Méheux,"Czech Republic, Pakistan, Uganda, Madagascar, Bahamas, England, United States, Monenegro, Italy","England, Italy, Czech republic, Bahamas, United States",Aston Martin,"French, Italian",167365000,192740,596365000,686784000,150000000,145300000,144,7.9,7.8,2,3,1,11,11,1,0
2008,Quantum of Solace,Daniel Craig,Eon Films,Marc Forster,David Arnold,Paul Haggis and Neal Purvis and Robert Wade,Roberto Schaefer,"Italy, England, Haiti, Austria, Bolivia, Russia","England, Italy, Spain, Panama, Mexico, Chile, Austria",Aston Martin,English,169368427,182633,591692078,638035000,200000000,248014000,106,6.7,6.1,1,6,0,16,15,1,1
2012,Skyfall,Daniel Craig,Eon Films,Sam Mendes,Thomas Newman,"Neal Purvis, Robert Wade & John Logan",Roger Deakins,"Turkey, England, China, Macau, Japan, Scotland","England, Scotland, Turkey, China",Aston Martin,"French, Greek, English",304360277,307770,1108561108,1120980000,200000000,202240000,143,7.8,8.2,3,1,1,26,26,1,0
2015,Spectre,Daniel Craig,Eon Films,Sam Mendes,Thomas Newman,"John Logan & Neal Purvis, Robert Wade & Jez Butterworth",Hoyte van Hoytema,"Mexico, England, Italy, Austria, Morocco, Vatican City","England, Austria, Italy, Vatican City, Mexico, Morocco",Aston Martin,"French, Italian, Mexican",200074175,196647,879620923,864553000,250000000,240803000,148,6.8,6.4,3,1,1,30,205,1,0
2021,No Time to Die,Daniel Craig,Eon Films,Cary Joji Fukunaga,Hans Zimmer,"Neal Purvis, Robert Wade, Cary Joji Fukunaga, Phoebe Waller-Bridge.",Linus Sandgren,"Matera, Italy; Jamaica; Norway; Scotland; Faroe Islands","Matera, Italy; Jamaica; Norway; Scotland; Faroe Islands",Aston Martin,"French,Cuban",0,0,771200000,582000000,301000000,226000000,163,7.3,8.3,1,2,1,43,200,1,0
